Date,Index
"Tuesday, Dec 31, 1974",18.796
"Friday, Jan 31, 1975",19.600
"Friday, Feb 28, 1975",20.366
"Monday, Mar 31, 1975",20.909
"Wednesday, Apr 30, 1975",21.909
"Friday, May 30, 1975",23.097
"Monday, Jun 30, 1975",23.907
"Thursday, Jul 31, 1975",22.218
"Friday, Aug 29, 1975",21.874
"Tuesday, Sep 30, 1975",20.877
"Friday, Oct 31, 1975",21.728
"Friday, Nov 28, 1975",22.132
"Wednesday, Dec 31, 1975",21.968
"Friday, Jan 30, 1976",24.705
"Friday, Feb 27, 1976",24.489
"Wednesday, Mar 31, 1976",25.057
"Friday, Apr 30, 1976",24.824
"Monday, May 31, 1976",24.168
"Wednesday, Jun 30, 1976",25.024
"Friday, Jul 30, 1976",24.635
"Tuesday, Aug 31, 1976",24.207
"Thursday, Sep 30, 1976",24.707
"Friday, Oct 29, 1976",23.942
"Tuesday, Nov 30, 1976",23.877
"Friday, Dec 31, 1976",25.062
"Monday, Jan 31, 1977",23.929
"Monday, Feb 28, 1977",23.303
"Thursday, Mar 31, 1977",23.146
"Friday, Apr 29, 1977",24.036
"Tuesday, May 31, 1977",23.878
"Thursday, Jun 30, 1977",24.887
"Friday, Jul 29, 1977",24.403
"Wednesday, Aug 31, 1977",23.169
"Friday, Sep 30, 1977",23.241
"Monday, Oct 31, 1977",22.273
"Wednesday, Nov 30, 1977",22.980
"Friday, Dec 30, 1977",23.053
"Tuesday, Jan 31, 1978",21.365
"Tuesday, Feb 28, 1978",21.117
"Friday, Mar 31, 1978",21.673
"Friday, Apr 28, 1978",23.574
"Wednesday, May 31, 1978",24.100
"Friday, Jun 30, 1978",23.901
"Monday, Jul 31, 1978",25.802
"Thursday, Aug 31, 1978",26.240
"Friday, Sep 29, 1978",25.382
"Tuesday, Oct 31, 1978",22.675
"Thursday, Nov 30, 1978",23.498
"Friday, Dec 29, 1978",24.094
"Wednesday, Jan 31, 1979",24.846
"Wednesday, Feb 28, 1979",23.613
"Friday, Mar 30, 1979",25.022
"Monday, Apr 30, 1979",25.081
"Thursday, May 31, 1979",24.369
"Friday, Jun 29, 1979",25.780
"Tuesday, Jul 31, 1979",26.238
"Friday, Aug 31, 1979",27.787
"Friday, Sep 28, 1979",28.285
"Wednesday, Oct 31, 1979",26.575
"Friday, Nov 30, 1979",28.292
"Monday, Dec 31, 1979",28.744
"Thursday, Jan 31, 1980",31.787
"Friday, Feb 29, 1980",33.091
"Monday, Mar 31, 1980",28.560
"Wednesday, Apr 30, 1980",29.058
"Friday, May 30, 1980",30.215
"Monday, Jun 30, 1980",31.080
"Thursday, Jul 31, 1980",33.307
"Friday, Aug 29, 1980",33.306
"Tuesday, Sep 30, 1980",35.262
"Friday, Oct 31, 1980",36.902
"Friday, Nov 28, 1980",43.823
"Wednesday, Dec 31, 1980",40.101
"Friday, Jan 30, 1981",36.529
"Friday, Feb 27, 1981",36.914
"Tuesday, Mar 31, 1981",37.703
"Thursday, Apr 30, 1981",35.782
"Friday, May 29, 1981",34.704
"Tuesday, Jun 30, 1981",33.086
"Friday, Jul 31, 1981",32.359
"Monday, Aug 31, 1981",30.159
"Wednesday, Sep 30, 1981",29.883
"Friday, Oct 30, 1981",32.168
"Monday, Nov 30, 1981",32.613
"Thursday, Dec 31, 1981",31.352
"Friday, Jan 29, 1982",31.817
"Friday, Feb 26, 1982",31.493
"Wednesday, Mar 31, 1982",31.576
"Friday, Apr 30, 1982",32.731
"Monday, May 31, 1982",30.981
"Wednesday, Jun 30, 1982",31.272
"Friday, Jul 30, 1982",31.257
"Tuesday, Aug 31, 1982",34.664
"Thursday, Sep 30, 1982",35.016
"Friday, Oct 29, 1982",38.498
"Tuesday, Nov 30, 1982",40.362
"Friday, Dec 31, 1982",40.199
"Monday, Jan 31, 1983",40.619
"Monday, Feb 28, 1983",42.680
"Thursday, Mar 31, 1983",44.305
"Friday, Apr 29, 1983",47.340
"Tuesday, May 31, 1983",45.856
"Thursday, Jun 30, 1983",48.222
"Friday, Jul 29, 1983",45.916
"Wednesday, Aug 31, 1983",45.664
"Friday, Sep 30, 1983",46.224
"Monday, Oct 31, 1983",45.044
"Wednesday, Nov 30, 1983",46.973
"Friday, Dec 30, 1983",46.212
"Tuesday, Jan 31, 1984",44.551
"Wednesday, Feb 29, 1984",41.631
"Friday, Mar 30, 1984",42.546
"Monday, Apr 30, 1984",42.796
"Thursday, May 31, 1984",40.052
"Friday, Jun 29, 1984",40.433
"Tuesday, Jul 31, 1984",39.299
"Friday, Aug 31, 1984",43.228
"Friday, Sep 28, 1984",43.453
"Wednesday, Oct 31, 1984",43.361
"Friday, Nov 30, 1984",42.872
"Monday, Dec 31, 1984",44.033
"Thursday, Jan 31, 1985",45.492
"Thursday, Feb 28, 1985",46.598
"Friday, Mar 29, 1985",47.936
"Tuesday, Apr 30, 1985",47.718
"Friday, May 31, 1985",50.121
"Friday, Jun 28, 1985",50.946
"Wednesday, Jul 31, 1985",48.918
"Friday, Aug 30, 1985",48.978
"Monday, Sep 30, 1985",47.258
"Thursday, Oct 31, 1985",50.351
"Friday, Nov 29, 1985",53.463
"Tuesday, Dec 31, 1985",55.404
"Friday, Jan 31, 1986",56.554
"Friday, Feb 28, 1986",61.281
"Monday, Mar 31, 1986",66.447
"Wednesday, Apr 30, 1986",65.112
"Friday, May 30, 1986",69.507
"Monday, Jun 30, 1986",72.673
"Thursday, Jul 31, 1986",68.638
"Friday, Aug 29, 1986",71.053
"Tuesday, Sep 30, 1986",62.209
"Friday, Oct 31, 1986",67.202
"Friday, Nov 28, 1986",68.718
"Wednesday, Dec 31, 1986",67.223
"Friday, Jan 30, 1987",76.613
"Friday, Feb 27, 1987",77.428
"Tuesday, Mar 31, 1987",79.164
"Thursday, Apr 30, 1987",77.825
"Friday, May 29, 1987",77.872
"Tuesday, Jun 30, 1987",81.594
"Friday, Jul 31, 1987",86.204
"Monday, Aug 31, 1987",89.418
"Wednesday, Sep 30, 1987",89.321
"Friday, Oct 30, 1987",68.480
"Monday, Nov 30, 1987",62.301
"Thursday, Dec 31, 1987",65.531
"Friday, Jan 29, 1988",65.406
"Monday, Feb 29, 1988",68.876
"Thursday, Mar 31, 1988",65.947
"Friday, Apr 29, 1988",66.044
"Tuesday, May 31, 1988",66.291
"Thursday, Jun 30, 1988",68.517
"Friday, Jul 29, 1988",67.692
"Wednesday, Aug 31, 1988",64.484
"Friday, Sep 30, 1988",67.136
"Monday, Oct 31, 1988",68.292
"Wednesday, Nov 30, 1988",66.626
"Friday, Dec 30, 1988",66.241
"Tuesday, Jan 31, 1989",71.069
"Tuesday, Feb 28, 1989",69.754
"Friday, Mar 31, 1989",72.761
"Friday, Apr 28, 1989",77.089
"Wednesday, May 31, 1989",81.932
"Friday, Jun 30, 1989",81.885
"Monday, Jul 31, 1989",91.214
"Thursday, Aug 31, 1989",91.514
"Friday, Sep 29, 1989",93.380
"Tuesday, Oct 31, 1989",91.991
"Thursday, Nov 30, 1989",94.231
"Friday, Dec 29, 1989",94.997
"Wednesday, Jan 31, 1990",86.833
"Wednesday, Feb 28, 1990",87.378
"Friday, Mar 30, 1990",89.827
"Monday, Apr 30, 1990",88.519
"Thursday, May 31, 1990",98.439
"Friday, Jun 29, 1990",100.638
"Tuesday, Jul 31, 1990",101.088
"Friday, Aug 31, 1990",92.368
"Friday, Sep 28, 1990",88.053
"Wednesday, Oct 31, 1990",88.957
"Friday, Nov 30, 1990",94.448
"Monday, Dec 31, 1990",95.941
"Thursday, Jan 31, 1991",98.028
"Thursday, Feb 28, 1991",105.714
"Friday, Mar 29, 1991",110.380
"Tuesday, Apr 30, 1991",109.856
"Friday, May 31, 1991",112.119
"Friday, Jun 28, 1991",107.483
"Wednesday, Jul 31, 1991",114.427
"Friday, Aug 30, 1991",118.014
"Monday, Sep 30, 1991",114.928
"Thursday, Oct 31, 1991",118.887
"Friday, Nov 29, 1991",115.053
"Tuesday, Dec 31, 1991",130.508
"Friday, Jan 31, 1992",122.894
"Friday, Feb 28, 1992",123.844
"Tuesday, Mar 31, 1992",119.799
"Thursday, Apr 30, 1992",121.028
"Friday, May 29, 1992",123.204
"Tuesday, Jun 30, 1992",119.421
"Friday, Jul 31, 1992",122.497
"Monday, Aug 31, 1992",116.286
"Wednesday, Sep 30, 1992",118.286
"Friday, Oct 30, 1992",123.602
"Monday, Nov 30, 1992",130.185
"Thursday, Dec 31, 1992",133.011
"Friday, Jan 29, 1993",139.086
"Friday, Feb 26, 1993",140.794
"Wednesday, Mar 31, 1993",146.138
"Friday, Apr 30, 1993",139.781
"Monday, May 31, 1993",146.649
"Wednesday, Jun 30, 1993",151.267
"Friday, Jul 30, 1993",154.288
"Tuesday, Aug 31, 1993",163.580
"Thursday, Sep 30, 1993",167.421
"Friday, Oct 29, 1993",168.003
"Tuesday, Nov 30, 1993",161.236
"Friday, Dec 31, 1993",161.514
"Monday, Jan 31, 1994",171.350
"Monday, Feb 28, 1994",168.305
"Thursday, Mar 31, 1994",160.475
"Friday, Apr 29, 1994",158.685
"Tuesday, May 31, 1994",161.322
"Thursday, Jun 30, 1994",154.736
"Friday, Jul 29, 1994",159.462
"Wednesday, Aug 31, 1994",166.509
"Friday, Sep 30, 1994",161.408
"Monday, Oct 31, 1994",164.207
"Wednesday, Nov 30, 1994",155.712
"Friday, Dec 30, 1994",158.060
"Tuesday, Jan 31, 1995",159.890
"Tuesday, Feb 28, 1995",166.192
"Friday, Mar 31, 1995",173.507
"Friday, Apr 28, 1995",180.889
"Wednesday, May 31, 1995",187.201
"Friday, Jun 30, 1995",193.942
"Monday, Jul 31, 1995",200.649
"Thursday, Aug 31, 1995",199.060
"Friday, Sep 29, 1995",208.182
"Tuesday, Oct 31, 1995",213.918
"Thursday, Nov 30, 1995",219.585
"Friday, Dec 29, 1995",221.141
"Wednesday, Jan 31, 1996",231.673
"Thursday, Feb 29, 1996",235.457
"Friday, Mar 29, 1996",234.736
"Tuesday, Apr 30, 1996",238.797
"Friday, May 31, 1996",248.193
"Friday, Jun 28, 1996",251.403
"Wednesday, Jul 31, 1996",241.335
"Friday, Aug 30, 1996",247.175
"Monday, Sep 30, 1996",263.463
"Thursday, Oct 31, 1996",271.427
"Friday, Nov 29, 1996",290.403
"Tuesday, Dec 31, 1996",282.675
"Friday, Jan 31, 1997",308.236
"Friday, Feb 28, 1997",308.601
"Monday, Mar 31, 1997",291.437
"Wednesday, Apr 30, 1997",320.225
"Friday, May 30, 1997",336.102
"Monday, Jun 30, 1997",354.255
"Thursday, Jul 31, 1997",383.832
"Friday, Aug 29, 1997",354.438
"Tuesday, Sep 30, 1997",373.482
"Friday, Oct 31, 1997",362.194
"Friday, Nov 28, 1997",375.815
"Wednesday, Dec 31, 1997",381.850
"Friday, Jan 30, 1998",391.852
"Friday, Feb 27, 1998",416.431
"Tuesday, Mar 31, 1998",443.778
"Thursday, Apr 30, 1998",461.604
"Friday, May 29, 1998",449.822
"Tuesday, Jun 30, 1998",484.033
"Friday, Jul 31, 1998",491.274
"Monday, Aug 31, 1998",413.469
"Wednesday, Sep 30, 1998",432.802
"Friday, Oct 30, 1998",472.791
"Monday, Nov 30, 1998",511.386
"Thursday, Dec 31, 1998",563.180
"Friday, Jan 29, 1999",587.011
"Friday, Feb 26, 1999",572.084
"Wednesday, Mar 31, 1999",604.576
"Friday, Apr 30, 1999",606.015
"Monday, May 31, 1999",588.870
"Wednesday, Jun 30, 1999",636.317
"Friday, Jul 30, 1999",614.773
"Tuesday, Aug 31, 1999",611.694
"Thursday, Sep 30, 1999",609.853
"Friday, Oct 29, 1999",660.109
"Tuesday, Nov 30, 1999",687.000
"Friday, Dec 31, 1999",785.892
"Monday, Jan 31, 2000",731.690
"Tuesday, Feb 29, 2000",757.060
"Friday, Mar 31, 2000",827.092
"Friday, Apr 28, 2000",783.384
"Wednesday, May 31, 2000",734.758
"Friday, Jun 30, 2000",778.726
"Monday, Jul 31, 2000",764.952
"Thursday, Aug 31, 2000",826.683
"Friday, Sep 29, 2000",749.753
"Tuesday, Oct 31, 2000",715.762
"Thursday, Nov 30, 2000",685.344
"Friday, Dec 29, 2000",706.714
"Wednesday, Jan 31, 2001",678.088
"Wednesday, Feb 28, 2001",622.437
"Friday, Mar 30, 2001",573.757
"Monday, Apr 30, 2001",615.099
"Thursday, May 31, 2001",614.853
"Friday, Jun 29, 2001",593.274
"Tuesday, Jul 31, 2001",591.487
"Friday, Aug 31, 2001",574.667
"Friday, Sep 28, 2001",536.792
"Wednesday, Oct 31, 2001",532.998
"Friday, Nov 30, 2001",567.058
"Monday, Dec 31, 2001",575.561
"Thursday, Jan 31, 2002",582.173
"Thursday, Feb 28, 2002",587.150
"Friday, Mar 29, 2002",606.789
"Tuesday, Apr 30, 2002",606.791
"Friday, May 31, 2002",606.945
"Friday, Jun 28, 2002",575.012
"Wednesday, Jul 31, 2002",539.462
"Friday, Aug 30, 2002",545.365
"Monday, Sep 30, 2002",509.239
"Thursday, Oct 31, 2002",514.231
"Friday, Nov 29, 2002",507.389
"Tuesday, Dec 31, 2002",496.527
"Friday, Jan 31, 2003",487.191
"Friday, Feb 28, 2003",482.339
"Monday, Mar 31, 2003",486.858
"Wednesday, Apr 30, 2003",516.031
"Friday, May 30, 2003",539.502
"Monday, Jun 30, 2003",547.652
"Thursday, Jul 31, 2003",562.042
"Friday, Aug 29, 2003",569.590
"Tuesday, Sep 30, 2003",564.718
"Friday, Oct 31, 2003",599.686
"Friday, Nov 28, 2003",605.274
"Wednesday, Dec 31, 2003",617.678
"Friday, Jan 30, 2004",632.822
"Friday, Feb 27, 2004",640.811
"Wednesday, Mar 31, 2004",636.950
"Friday, Apr 30, 2004",608.376
"Monday, May 31, 2004",622.721
"Wednesday, Jun 30, 2004",641.221
"Friday, Jul 30, 2004",609.125
"Tuesday, Aug 31, 2004",613.015
"Thursday, Sep 30, 2004",645.558
"Friday, Oct 29, 2004",650.237
"Tuesday, Nov 30, 2004",699.598
"Friday, Dec 31, 2004",712.357
"Monday, Jan 31, 2005",697.330
"Monday, Feb 28, 2005",737.889
"Thursday, Mar 31, 2005",729.712
"Friday, Apr 29, 2005",700.943
"Tuesday, May 31, 2005",726.557
"Thursday, Jun 30, 2005",752.232
"Friday, Jul 29, 2005",783.171
"Wednesday, Aug 31, 2005",795.243
"Friday, Sep 30, 2005",826.228
"Monday, Oct 31, 2005",800.745
"Wednesday, Nov 30, 2005",824.394
"Friday, Dec 30, 2005",837.612
"Tuesday, Jan 31, 2006",892.301
"Tuesday, Feb 28, 2006",858.067
"Friday, Mar 31, 2006",872.334
"Friday, Apr 28, 2006",882.509
"Wednesday, May 31, 2006",845.138
"Friday, Jun 30, 2006",852.110
"Monday, Jul 31, 2006",823.856
"Thursday, Aug 31, 2006",816.661
"Friday, Sep 29, 2006",832.043
"Tuesday, Oct 31, 2006",871.790
"Thursday, Nov 30, 2006",906.839
"Friday, Dec 29, 2006",917.722
"Wednesday, Jan 31, 2007",951.487
"Wednesday, Feb 28, 2007",922.792
"Friday, Mar 30, 2007",942.779
"Monday, Apr 30, 2007",977.363
"Thursday, May 31, 2007","1,011.654"
"Friday, Jun 29, 2007",982.637
"Tuesday, Jul 31, 2007",949.838
"Friday, Aug 31, 2007",960.852
"Friday, Sep 28, 2007","1,027.779"
"Wednesday, Oct 31, 2007","1,072.536"
"Friday, Nov 30, 2007","1,035.747"
"Monday, Dec 31, 2007","1,067.422"
"Thursday, Jan 31, 2008",943.226
"Friday, Feb 29, 2008",938.316
"Monday, Mar 31, 2008",933.475
"Wednesday, Apr 30, 2008","1,011.161"
"Friday, May 30, 2008","1,050.986"
"Monday, Jun 30, 2008","1,035.900"
"Thursday, Jul 31, 2008",940.685
"Friday, Aug 29, 2008",932.190
"Tuesday, Sep 30, 2008",786.916
"Friday, Oct 31, 2008",672.706
"Friday, Nov 28, 2008",614.669
"Wednesday, Dec 31, 2008",622.695
"Friday, Jan 30, 2009",564.843
"Friday, Feb 27, 2009",507.491
"Tuesday, Mar 31, 2009",538.868
"Thursday, Apr 30, 2009",568.842
"Friday, May 29, 2009",592.950
"Tuesday, Jun 30, 2009",606.499
"Friday, Jul 31, 2009",646.029
"Monday, Aug 31, 2009",653.353
"Wednesday, Sep 30, 2009",677.885
"Friday, Oct 30, 2009",657.515
"Monday, Nov 30, 2009",701.799
"Thursday, Dec 31, 2009",721.627
"Friday, Jan 29, 2010",675.018
"Friday, Feb 26, 2010",706.715
"Wednesday, Mar 31, 2010",758.090
"Friday, Apr 30, 2010",762.065
"Monday, May 31, 2010",709.220
"Wednesday, Jun 30, 2010",670.061
"Friday, Jul 30, 2010",721.382
"Tuesday, Aug 31, 2010",688.464
"Thursday, Sep 30, 2010",759.338
"Friday, Oct 29, 2010",796.444
"Tuesday, Nov 30, 2010",809.737
"Friday, Dec 31, 2010",842.318
"Monday, Jan 31, 2011",846.228
"Monday, Feb 28, 2011",879.033
"Thursday, Mar 31, 2011",895.498
"Friday, Apr 29, 2011",929.258
"Tuesday, May 31, 2011",923.491
"Thursday, Jun 30, 2011",916.027
"Friday, Jul 29, 2011",898.003
"Wednesday, Aug 31, 2011",845.220
"Friday, Sep 30, 2011",801.317
"Monday, Oct 31, 2011",866.538
"Wednesday, Nov 30, 2011",867.694
"Friday, Dec 30, 2011",876.854
"Tuesday, Jan 31, 2012",893.218
"Wednesday, Feb 29, 2012",936.247
"Friday, Mar 30, 2012",975.011
"Monday, Apr 30, 2012",991.743
"Thursday, May 31, 2012",943.067
"Friday, Jun 29, 2012",970.450
"Tuesday, Jul 31, 2012",982.587
"Friday, Aug 31, 2012",993.494
"Friday, Sep 28, 2012","1,010.023"
"Wednesday, Oct 31, 2012",985.308
"Friday, Nov 30, 2012","1,000.000"
"Monday, Dec 31, 2012",987.686
"Thursday, Jan 31, 2013","1,028.866"
"Thursday, Feb 28, 2013","1,048.184"
"Friday, Mar 29, 2013","1,099.368"
"Tuesday, Apr 30, 2013","1,129.416"
"Friday, May 31, 2013","1,125.863"
"Friday, Jun 28, 2013","1,113.682"
"Wednesday, Jul 31, 2013","1,181.781"
"Friday, Aug 30, 2013","1,139.110"
"Monday, Sep 30, 2013","1,173.534"
"Thursday, Oct 31, 2013","1,233.409"
"Friday, Nov 29, 2013","1,268.741"
"Tuesday, Dec 31, 2013","1,305.829"
"Friday, Jan 31, 2014","1,276.271"
"Friday, Feb 28, 2014","1,359.331"
"Monday, Mar 31, 2014","1,312.596"
"Wednesday, Apr 30, 2014","1,300.475"
"Friday, May 30, 2014","1,350.423"
"Monday, Jun 30, 2014","1,377.030"
"Thursday, Jul 31, 2014","1,361.705"
"Friday, Aug 29, 2014","1,422.402"
"Tuesday, Sep 30, 2014","1,412.294"
"Friday, Oct 31, 2014","1,444.550"
"Friday, Nov 28, 2014","1,496.639"
"Wednesday, Dec 31, 2014","1,478.564"
"Friday, Jan 30, 2015","1,469.619"
"Friday, Feb 27, 2015","1,546.517"
"Tuesday, Mar 31, 2015","1,526.759"
"Thursday, Apr 30, 2015","1,512.988"
"Friday, May 29, 2015","1,559.596"
"Tuesday, Jun 30, 2015","1,553.708"
"Friday, Jul 31, 2015","1,612.695"
"Monday, Aug 31, 2015","1,514.925"
"Wednesday, Sep 30, 2015","1,483.868"
"Friday, Oct 30, 2015","1,590.888"
"Monday, Nov 30, 2015","1,597.342"
"Thursday, Dec 31, 2015","1,594.003"
"Friday, Jan 29, 2016","1,534.925"
"Monday, Feb 29, 2016","1,512.672"
"Thursday, Mar 31, 2016","1,589.738"
"Friday, Apr 29, 2016","1,578.601"
"Tuesday, May 31, 2016","1,615.523"
"Thursday, Jun 30, 2016","1,660.682"
"Friday, Jul 29, 2016","1,703.623"
"Wednesday, Aug 31, 2016","1,675.766"
"Friday, Sep 30, 2016","1,681.229"
"Monday, Oct 31, 2016","1,646.319"
"Wednesday, Nov 30, 2016","1,633.211"
"Friday, Dec 30, 2016","1,648.765"
"Tuesday, Jan 31, 2017","1,702.183"
"Tuesday, Feb 28, 2017","1,762.324"
"Friday, Mar 31, 2017","1,797.575"
"Friday, Apr 28, 2017","1,841.611"
"Wednesday, May 31, 2017","1,927.268"
"Friday, Jun 30, 2017","1,932.779"
"Monday, Jul 31, 2017","1,997.534"
"Thursday, Aug 31, 2017","2,023.604"
"Friday, Sep 29, 2017","2,079.571"
"Tuesday, Oct 31, 2017","2,181.499"
"Thursday, Nov 30, 2017","2,238.100"
"Friday, Dec 29, 2017","2,239.377"
"Wednesday, Jan 31, 2018","2,420.975"
"Wednesday, Feb 28, 2018","2,383.047"
"Friday, Mar 30, 2018","2,294.161"
"Monday, Apr 30, 2018","2,308.653"
"Thursday, May 31, 2018","2,384.998"
"Friday, Jun 29, 2018","2,380.572"
"Tuesday, Jul 31, 2018","2,422.474"
"Friday, Aug 31, 2018","2,560.942"
"Friday, Sep 28, 2018","2,583.605"
"Wednesday, Oct 31, 2018","2,327.547"
"Friday, Nov 30, 2018","2,355.979"
"Monday, Dec 31, 2018","2,172.613"
"Thursday, Jan 31, 2019","2,314.173"
"Thursday, Feb 28, 2019","2,392.807"
"Friday, Mar 29, 2019","2,441.168"
"Tuesday, Apr 30, 2019","2,494.335"
"Friday, May 31, 2019","2,432.832"
"Friday, Jun 28, 2019","2,581.439"
"Wednesday, Jul 31, 2019","2,625.105"
"Friday, Aug 30, 2019","2,629.459"
"Monday, Sep 30, 2019","2,594.482"
"Thursday, Oct 31, 2019","2,607.709"
"Friday, Nov 29, 2019","2,692.071"
"Tuesday, Dec 31, 2019","2,737.364"
"Friday, Jan 31, 2020","2,835.071"
"Friday, Feb 28, 2020","2,622.738"
"Tuesday, Mar 31, 2020","2,320.457"
"Thursday, Apr 30, 2020","2,590.247"
"Friday, May 29, 2020","2,741.859"
"Tuesday, Jun 30, 2020","2,859.188"
"Friday, Jul 31, 2020","3,053.471"
"Monday, Aug 31, 2020","3,345.131"